,title,artist,lyrics
0,그댈 좋아한다구요,베이비블루(BABY BLUE),오늘도 그 마음 내주질 않네요길었던 겨울도 봄에 비켜주는데한 번 쯤은 돌아볼 법도웃을 법도 하잖아요괜찮아요 그런 날 오겠죠아직도 그녀가 맘에 걸리나 봐가끔씩 멍하니 한 곳만 보네요그녀 떠난 자리를내가 대신할 순 없나봐요괜찮아요 그런 날 오겠죠사실요 그댈 좋아해요그냥 뭐 그렇다구요괜한 혼잣말에 맘 쓰지 마요알아요 아는데 안돼요그대 어디에도 내가 없단 걸 알지만그댈 좋아한다구요며칠 전 집 앞에 데려다주던 밤그 길이 길었다면 참 좋았을텐데바로 옆에 있던그 손을 잡고 싶었지만차마 난 이 말 못했지만사실요 그댈 좋아해요그냥 뭐 그렇다구요괜한 혼잣말에 맘 쓰지 마요알아요 아는데 안돼요그대 어디에도 내가 없단 걸 알지만그댈 좋아한다구요나만 바쁘죠그대만 보라고부지런히 맘에 빛을 내 봐도그대 눈에 띄진 않겠죠참 보면 정말 순진해요어쩜 그리 모르나요그대 하루에는 내가 있는데알아요 알면서 아프죠내가 아니라도 누굴 사랑하겠지만내가 사랑한다구요
1,듣고있나요 (Prod.조영수),케이시 (Kassy),끝내 우린 스쳐 가나요기억 넘어 서로를 지워야 하나요내게 사랑이 준 깊은 상처는어떻게 견디며 살아야 하는지매일 아픈 그리움 속에가슴 텅 빈 채 살아도그대를 사랑했던 일 그것만은 죽어도나 후회하지 않아요그대가 보고 싶을 때미칠 듯 보고 싶을 때그저 한 번씩 나 이렇게남모르게 울면 돼요잊지 말아요 그대여 잊지 말아요내가 늘 그대의 곁에 있음을사랑해요 그대 지금 듣고 있나요그대 내게 올 수 없어도아직 이별은 아니죠먼 길을 돌아언젠가 내게 돌아오려고떠나는 길일 테니까그대가 보고 싶을 땐미칠 듯 보고 싶을 땐그저 한 번씩 나 이렇게남모르게 울면 돼요잊지 말아요 그대여 잊지 말아요내가 늘 그대의 곁에 있음을사랑해요 그대 지금 듣고 있나요언제라도 그댈 기다릴게요먼저 그대가 날 잊는다 해도사랑하니까 내가 더 사랑하니까그대 눈물도 외로움도내가 다 가져갈게요울지 말아요 그대여 울지 말아요세상이 그대를 슬프게 해도사랑해요 그대 지금 듣고 있나요
2,비춰줄 거야,유용호,해가 지고밤이 오고모든 게 다잠이 들 때면하늘은 온통수많은 별너의 위에서춤을 추고 있어눈을 감으면더욱 빛나는 것보이지 않으니그저 믿으면 돼불안할 때도네가 슬플 때도언제나 네 곁을지켜줄 거야시간이 흘러많은 게 변하고무뎌지게 되더라도이 마음은 여기에 남아서툴던 우릴 비춰줄 거야치기 어리던서툰 표현에도설레 잠 못 들던우리가 있었고마냥 웃다 보면너로 가득해서새벽을 깨우던우리가 있었어시간이 흘러많은 게 변하고무뎌지게 되더라도이 마음은 여기에 남아서툴던 우릴 비춰줄 거야오늘 더 말할게너를 좋아해이 맘 다 알 수 있도록많이 사랑해 너를 영원토록나 나나 나나나나나나 나나나 나나 나나나나나나 나나
3,봄 그리고 밤,연희다방,가만히 느껴지는 바람아찔하게 스치는 향기이렇게 모른 척만 하다가는금세 지나가 버릴 계절 같아주책 같아도 여는 창문날 부르는 봄 그리고 밤새로 산 신발을 꺼내 본다괜스레 전화를 걸어본다함께 걷자목소리 들으며같은 하늘같은 달 아래서내 바람이 닿는 전화 너머설레는 맘은 들리지 않길같이 걷자같은 봄을 맞으며어쩌면 밤새 걸을지 몰라네 숨결이 닿는 전화 너머떨리는 맘은 들리지 않길오늘도 그저 그런 하루지금 이 시간 문자 한 통이렇게 모른 척만 하다가는웃으며 널 못 볼 것만 같아서아무렇지 않은 척 해도날 깨우는 봄 그리고 밤홀로 걷고 있던 골목길이네 생각으로 가득하더라고함께 걷자목소리 들으며같은 하늘같은 달 아래서내 바람이 닿는 전화 너머설레는 맘은 들리지 않길같이 걷자같은 봄을 맞으며어쩌면 밤새 걸을지 몰라네 숨결이 닿는 전화 너머떨리는 맘은 들리지 않길함께 걷자목소리 들으며같은 하늘같은 달 아래서내 바람이 닿는 전화 너머설레는 맘은 들리지 않길함께 있는 것 같아서같은 봄을 맞으며어쩌면 밤새 걸을지 몰라네 숨결이 닿는 전화 너머떨리는 맘은 들리지 않길가만히 느껴지는 바람아찔하게 스치는 향기이렇게 모른 척만 하다가는금세 지나가 버릴 계절 같아
4,라라랜드,써커스백,됐어요 이제 그만해요불장난 같은 어린 사랑은 싫어요사실 오래전부터 난아이같은 그대가맘에들지 않았죠한동안 소원했던 친구들과밤새워 미친듯이 놀아볼 거예요마시지 않던 술도끊어버린 담배도다시 시작할꺼야우린 정말 남들이 봐도부러워할 뜨거운 사랑 나눴고헤어지지 않았더라면결혼까지 갔을지 몰라우리들 추억이 그랬다면몇번의 크고 작은 다툼들이서로를 더 이해할꺼라 믿고 있었죠하지만 그럴때마다멀어지는 그대가 얼마나야속했는지도 몰라우린 정말 남들이 봐도부러워할 뜨거운 사랑 나눴고헤어지지 않았더라면결혼까지 갔을지 몰라우리들 추억이 그랬다면우린 정말 사랑했었고우린 끝내 헤어져버렸지만후회는 없으니까 괜찮아더 좋은 사람과행복하다면 난 여기 있을께니가 언제라도놀러 올 수 있게라 라라라라 라라 라라라라
5,사랑은 늘,한의령,찬바람 불던 밤가로수아래 홀로 앉아지나버린 시간의 기억을 되짚어가잔뜩새겨 버린그날의 아쉬움들 만이가득남아 나의 맘에 떠올라사랑을 늘 추억을 주고가그 시간은 늘 나를 맴돌아가득남아 나의 맘에 차올라이제는 다 지나간 이야기로이제는 마지막일 기억으로남아있길 기도해그렇게 잊혀지길 바랄께내가 널 지우는게너무도 겁이 났던걸까아직도 나 너무 니가 그리워사랑을 늘 추억을 주고가그 시간은 늘 나를 맴돌아가득남아 나의 맘에 차올라이제는 다 지나간 이야기로이제는 마지막일 기억으로남아있길 기도해그렇게 잊혀지길 바랄께시간이 멈춘걸까아직도 믿겨 지지가 않아이대로 그만 너를 보내는게정말 나에겐 그것밖에 없을지사랑은 늘 추억을 주고가그 시간은 오늘도 날 맴돌아가득남아 나의 맘에 차올라우리의 시간은 멈췄지만그시간안에 있을 널 기억해덮어둘께 모두언젠간 웃을테니 너와나
6,너와 너의,이상순,어떻게 지내고 있는지 궁금하지만겨우 그러려니 할 수 있게 됐어끝내 듣지 못한 대답도 그대로지만그럴 수도 있는 거지 그럴 테지기다리라는 그 말도다시 만나자는 약속도아마 넌 까맣게 다 잊었을 테지만오늘도 너와 너의 겁 많은 고양이가어제보다 편안하길 기도할게널 용서할 수 있을지그건 아직 모르겠지만나에게 미안할 일 더는 없을 테니그저 너와 너의 잘생긴 고양이가오래오래 행복하길 기도할게내일은 오늘보다 편안하기를내일도 오늘처럼오늘처럼
7,영영,포맨 (4MEN),설마 아닐 거야자꾸 내 눈을 피하는 너아마 아니겠지너의 표정에 써있는 말우린 행복했잖아 사랑했잖아내가 너를 어떻게 영영 영영 떠나널 떠나 나는 하루도 살 수 없어제발 돌아와 다시 내게 돌아와네가 나를 어떻게 영영 떠나나 없이 정말 행복할 것만 같아나는 너를 기다려 영영생각날 것 같아너를 울렸던 기억들만아픈 꿈일 거야모두 거짓말인 것 같아우린 약속했지만 믿고 싶지만내가 너를 어떻게 영영 영영 떠나널 떠나 나는 하루도 살 수 없어제발 돌아와 다시 내게 돌아와네가 나를 어떻게 영영 떠나나 없이 정말 행복할 것만 같아너로 시작해 너로 끝났던 모든 날들떠나가지 마 멀어지지 마네가 떠난 이곳에 영영 기다려넌 몰라 왜 몰라네가 전부인 내 사랑을제발 돌아와 다시 내게 돌아와너와 내가 어떻게 영영못 가 난 못 가너 아니면 안 될 것 같아나는 너를 기다려 영영
8,Love Again,홍지윤,I'm In Love Again지난날 아픔은 잊어익숙한 그대 향기가 맴돌아I'm In Love with You끝이 없는 어둠 속에흐릿해져 가는 아픈 기억들 잊을래아무렇지 않은 척 내 손 잡아줄래유난히 시리도록 아픈 이 밤이야숨 쉴 수가 없어 견디기조차난 너무 힘이 들어서너의 품에 다시 안길래시간이 지나 수많은 상처들이고장 난 시곗바늘처럼 멈춰서서또 우네I'm In Love Again지난날 아픔은 잊어익숙한 그대 향기가 맴돌아I'm In Love with You끝이 없는 어둠 속에흐릿해져 가는 아픈 기억들 잊을래불 꺼진 작은 방우두커니 날 비추는 저 달빛도유난히 쓸쓸해 보이네내 주윌 감싸는 아픈 기억들이차가운 바람처럼 날 또 스쳐 가네I'm In Love Again지난날 아픔은 잊어익숙한 그대 향기가 맴돌아I'm In Love with You끝이 없는 어둠 속에흐릿해져 가는 아픈 기억들 잊을래날 향한 눈빛 포근했던 너의 그 미소가슴속 깊은 흔적으로 남아지울 수 없는 너와의 지난 추억들이오늘 밤 왠지 더 그리워지네이젠 나 널 놓지 않을래
9,어제보다 더 빛날거야,리디아 (Lydia),살다보니까 그런 날도 있더라아무 것 못하는 그런 날안되는 것들 못하는 것들머릿속 생각만 가득나만 이런지 왜 이러는지나도 잘 모르겠어 날웃어볼래 어제보다 더 빛날거야오늘보다 더 아직 두려운게 많지만끝이없는 터널처럼 어두운 길도언젠가 빛이 보일거야별도 잠드는 지금 새벽 세시반나만 혼자 잠들지 못해생각의 생각 또 생각의 생각점점 빠져들고 있어나만 이런지 왜 이러는지나도 잘 모르겠어 날웃어볼래 어제보다 더 빛날거야오늘보다 더 아직 두려운게 많지만끝이없는 터널 처럼 어두운 길도언젠가 빛이 보일거야숨죽여 울던 시간들더이상 내겐 없어웃어볼래 어제보다 더 빛날거야오늘보다 더 아직 두려운게 많지만끝이없는 터널처럼 어두운 길도언젠가 빛이 보일거야
10,노르웨이숲,새라,나는 좀 느린 게 좋아살랑살랑 사뿐사뿐내 꼬리도 발걸음 따라 흔들난 느린 게 좋아 천천히나를 바라볼 때그대의 눈빛이 반짝 반짝그 속이 궁금해 난 자꾸 바라보게 돼내가 좀 무신경해 보인다고생각하지 무슨 말을 해도그저 헤헤헤헤눈치도 없고 오 둔해 빠져서그렇게 대해도 되는 줄 아나보지내가 좀 둔해 보인다고생각할지도 몰라하지만 맛있는 냄샐 맡으면난 가뿐히 너의 식탁 위로뛰어오를 수도 있어 야옹나를 바라볼 때그대의 눈빛이 반짝 반짝그 속이 궁금해 난 자꾸 바라보게 돼내가 좀 무신경해보인다고 생각하지무슨 말을 해도 그저 헤헤헤헤눈치도 없고 오 둔해 빠져서그렇게 대해도 되는 줄 아나보지내가 좀 둔해 보인다고생각할지도 몰라하지만 맛있는 냄샐 맡으면난 가뿐히 너의 식탁 위로뛰어오를 수도 있어 야옹내가 좀 무신경해보인다고 생각하지무슨 말을 해도 그저 헤헤헤헤눈치도 없고 오 둔해 빠져서막 대해도 되는 줄 아나보지내가 좀 둔해 보인다고생각할지도 몰라하지만 맛있는 냄샐 맡으면난 가뿐히 너의 식탁 위로뛰어오를 수도 있어 야옹나는 좀 느린 게 좋아오 난 느린 게 좋아오 느린 게 좋아
11,커피를 닮은 당신,오리너구리,따스한 햇살이 카페가득 퍼지고향긋한 커피향 꽃내음과 어울려오가는 사람들 창밖으로 스치고일상속 이야기 도란도란 다정해오늘하루 어떤 사람어떤 이야기로 찾아올까어떤 인생의 어떤 노래아름답게 들려나줄까피곤함에 지친이도긴 하루에 힘든이게도커피향과 풀꽃향에작은 위안 받을까따스한 햇살이 카페가득 퍼지고향긋한 커피향 꽃내음과 어울려오늘하루 어떤 사람어떤 이야기로 찾아올까어떤 인생의 어떤 노래아름답게 들려나줄까피곤함에 지친이도긴 하루에 힘든이게도커피향과 풀꽃향에작은 위안 받을까따스한 햇살이 카페가득 퍼지고향긋한 커피향 당신과 참 어울려향긋한 커피향 당신과 잘 어울려그대는 커피를 참 많이도 닮았죠참 많이도 닮았죠참 많이도 닮았죠
12,목에 걸린 것 (Something In Me),장유정,목에 걸린 것 빼낼 수 없는 것말할 수 없어 가슴이 아픈 것목에 걸린 것 삼킬 수 없는 것바라만 봐도 눈물이 나는 것그댈 처음 본 순간 나는 알았지그대 나의 사랑이 될 줄을오랜 세월이 흘러 그댄 없지만나는 여전히 그대를 그리네목에 걸린 것 사랑이라 부르는 것빼낼 수 없고 삼킬 수도 없어목에 걸린 것 나만이 아는 것아무도 몰래 간직한 내 사랑
13,오늘의 너에게 (with 희대),제디 (jeddy),그 어느 때보다 떨려요마치 그댈 처음 만날 때처럼내 모든 세상이너 하나로 물들었던 날흐르던 시간이 멈추고세상엔 우리 둘만 남고그저 바라보기만 했죠늘 네 곁에 있어줄게언제나 너의 손을 잡아줄 수 있게초라한 나의 마음가득하게 채워준 너소중한 내 사람흐르던 시간이 멈추고세상엔 우리 둘만 남고비어있던 내 삶에 이토록 따뜻하게햇살처럼 눈부신 그대가늘 네 곁에 있어줄게언제나 너의 손을 잡아줄 수 있게초라한 나의 마음가득하게 채워준 너내 모든 것이 돼준 너수많은 날 수많은 밤이우리의 많은 것을 바꿔놓아도여기 그대로 있을게 나내 마음 변함없이 너만을늘 오늘을 기억할게수많은 축복 속에 가장 빛나는 널세상 가장 아름다운 오늘의 너에게이 마음을 전할게사랑해
14,Spring,예은,봄이 오면 새싹도 활짝 피고반가운 꽃들도 피어나아이들 웃음소리 들려오네널 닮은 햇살이 내 눈 적시네봄이오면 가볍게 입고서널 두시에 만나벛꽃거릴 다니며너의 사진 찍어주고 싶어너와 매일 따뜻하게이쁜 너의 손 잡을꺼야너와 함께 있단게 좋아나의 머릿속에 기억해둘께나의 맘이 네게 들리도록바로 지금 이 순간 너를봄이 오면 새싹도 활짝 피고반가운 꽃들도 피어나아이들 웃음소리 들려오네널 닮은 햇살이 내 눈 적시네봄이오면 가볍게 입고서널 두시에 만나벛꽃거릴 다니며너의 사진 찍어주고 싶어너와 매일 따뜻하게이쁜 너의 손 잡을꺼야나의 맘이 들리도록매일 네에게 노래 할께이 시간부터 너와 나의 봄을시작해 봤으면해머릿속에 항상 담아둘께바로 지금 이 순간 너를
15,나의 바다,안지윤,내가 있는 바다는너무 깊고 어두워발이 땅에 닿지 않아보이지 않아서 두려워지나가던 바람은나를 비웃기라도 하듯내민 손이 가여울 만큼더 강하게 몰아쳐 불어와To breathe free가라앉지 않으려 발버둥을 쳐언젠가 닿게 될 그 끝을 위해간절히 기도해To breathe free가라앉지 않으려 발버둥을 쳐언젠가 오게 될 그날을 위해간절히 기도해Flow deep into the sea잔잔히 흐르던 바다에나를 덮치는 거센 파도가Flow deep into the sea아무도 모르게 아무것도모른 채 흘러가끊임없이 흘러가겠지파도가 나를 이끄는 곳으로숨 쉴 곳을 찾아 그렇게Flow deep into the sea잔잔히 흐르던 바다에나를 덮치는 거센 파도가Flow deep into the sea아무도 모르게 아무것도모른 채 흘러가
16,출근하고 있는데 퇴근하고 싶어 (Vocal 호감),오친동,출근하고 있는데집에 가고 싶어따뜻한 이불속에누워서 귤까먹고 싶어아참 아직 카드값이 남았네오늘도 열심히 일 해야지화장실은 출근후회사에서 가야지시간 때우고 돈벌고휴지값도 아끼지아아 이칸 화장지가 없구나똑똑똑 거기 화장지좀 주세요작업복 대충 걸쳐입고 나도 오출근하고 있어요 퇴근하고 싶어요작업복 그래 그거 입고 나도 오출근하고 있어요 집에가고 싶어요집에가고 싶은데아직도 점심시간 이구나오늘 점심엔 뭐먹지해장에는 역시 국밥이지사장님 여기 얼큰하게 하나요오늘은 진짜로 술은 안먹을꺼야집에가고 싶은데손님이 가게에서 안나가청소다해 놨는데커피를 쏟아 버렸네손님 혹시 안 다치셨나요괜찮아요 청소는 제가 하는 거죠작업복 대충 걸쳐입고 나도 오출근하고 있어요 퇴근하고 싶어요작업복 그래 그거 입고 나도 오출근하고 있어요 집에가고 싶어요집에 가고 싶어요집에 갈수 있나요집에 보내 주세요집에 있는 루피가 보고싶어요그래요 나도 출근하고 있죠더럽게 집에가고 싶어할일이 없어도 아무일 없어도집에 가고싶죠
17,그곳에서,갈프로젝트,그리웠어 언제나 가까이 있어도 늘닿을 듯 닿지 않고 잡히질 않아서보고팠어 너처럼 옆에 있는데도 늘만날 듯 만나질 않고그리운 꿈만 같아서오늘도 하루를 살아가 니 행복을 위해오늘도 하루를 살아가 널 만나기 위해이렇게 좋은데 그 설레임 그 떨림너의 웃음 소리만이 내가 좋아너무 보고싶어그리워 너무 그리워 함께했던 시간보다행복하게 해 줄게 슬퍼도웃게 해 줄게 널 위해오늘도 하루를 살아가 니 행복을 위해오늘도 하루를 살아가 널 만나기 위해이렇게 좋은데 그 설레임 그 떨림너의 웃음 소리만이 내가 좋아너무 보고싶어그리워 너무 그리워 함께했던 시간보다행복하게 해 줄게 슬퍼도 웃게 해 줄게우리 이젠 시작해 나 좀 바라볼래요이젠 보여 줄게 보여주고 싶어나 너만을 생각해 준비해온 그날들돌아보지 않아 평생 웃게할게이렇게 좋은데 이렇게 좋은데니 앞에 있는 떨림너의 웃음소리만이 내가 좋아너무 보고싶어그리워 너무 그리워 함께했던 시간보다나 너만을 위한 개그를 할게 이 곳에서
18,너도 가끔 내가,김수미,잠 못 들어 어지러운 마음이마음을 가득 채워 복잡한 이 밤침대맡에 함께 누워 네 목소리집중했던 그 순간이 생각나어두운 밤에 혼자 있을 때면널 사랑한 빛났던 내가 너무 그리워생각에 생각이 꼬리를 물고 결국 또다시 너의 기억에멈춘 나는 지금 뭘까그저 행복했던 나는 지금 우리가이렇게 될 줄 우린 알았을까너도 내가 이 밤에생각이 났음 좋겠어어두운 밤에 혼자 있을 때면널 사랑한 빛났던 내가 너무 그리워생각에 생각이 꼬리를 물고 결국 또다시 너의 기억에멈춘 나는 지금 뭘까그저 행복했던 나는 지금 우리가이렇게 될 줄 우린 알았을까내 온 세상이었었던나의 빛이었었던 너는누굴 비추고 있을까다른 빛이 되어 행복했으면 해이제는 잊고 살아갈게생각에 생각이 내 머릴 감싸 결국 또아직도 너의 기억이계속 나는 이윤 뭘까너도 내가 가끔 생각 났음 좋겠어이렇게 될 줄 우린 알았을까너도 내가 이 밤에 생각이 났음 좋겠어
19,겁쟁이 (Vocal by 수재),김진한,어딘가를 보고 있는 네 뒷모습에닿으려 해도 닿을 수 없어길을 걷다 잠시 스친 너의 손등은왠지 너무 차갑기만 했어알 수 없는 너의 마음을 잡고 싶어서오늘도 나는 생각에 빠져볼 수 없는 너의 마음을 확인하려는 게바보 같단 걸 알고 있지만사랑해 나는 솔직하지 못해서이 말이 어려운가 봐미안해 상처보다 기다림이 좋은 난너에게 내 맘 말할 수 없어알 수 없는 너의 마음을 잡고 싶어서오늘도 나는 생각에 빠져볼 수 없는 너의 마음을 확인하려는 게바보 같단 걸 알고 있지만사랑해 나는 솔직하지 못해서이 말이 어려운가 봐미안해 상처보다 기다림이 좋은 난너에게 내 맘 말할 수 없어아무렇지 않은 척 고갤 돌려봐도점점 커지는 내 맘을 견딜 수 없어언젠가 너도 내 맘 알 수 있을까이렇게 오늘도 너를 그리고 있어아마 난 힘들겠지만미안해 상처보다 기다림이 좋은 난너에게 내 맘 말할 수 없어
20,별이 되어줄게 (Prod. 훈지),우기 (Woogie),때론 힘들겠지 때론 아프겠지 가끔길을 걷다 마음이 아파올때널 향한 미움과 차가운 말들에 가끔울다지쳐 혼자라 느껴질때수줍게 건넨 나의 손에살며시 너의 손을 올려내게 기대 언제나 너의 곁에 있을게슬프지 않고 살아가길아프지않고 살아가길내가 너의 위로가 되줄게때론 지치겠지눈물도 흐르겠지 걸어 왔던그 길이 보이지 않을때괜찮아 지나갈거야지금 보이지 않아도밤하늘 저 별처럼 언젠간 빛날거야지금은 보이지 않아도언젠간 밝게 빛날거야눈물 날때 괜찮아 내가 꼭 안아줄게언제나 너의 곁에 있을게힘들때 내 어깨에 기대내가 너의 별이 되어줄게내 품속에 안겨미소 지을수 있게별이 되어줄게
21,고양이는액체야,뉴로맨틱스,낯선 곳과 안 맞는 것도쉽게 친해질수 없다는 점도가끔 혼자있기 좀 그렇고그게 나야 전부유대관계 굳은 신뢰중요해 서두르지 않는게잡으려고 애쓴다면 도망갈래난 Suffocating사실 좋아하는 사람에게는자주 애교부리는 편따뜻한 햇살 오전 혹은 오후녹아내리는걸 보면고양이는 액체야싫어하는 행동이 있어잘해주기 보다 훨씬 나은건싫어하지 않게 배려해줘그게 훨씬 나아부담스럽게 자꾸만 다가오지마싫어해 오지랖 많은 스타일사실 좋아하는 사람에게는자주 애교부리는 편따뜻한 햇살 오전 혹은 오후녹아내리는걸 보면고양이는 액체야고양이는 액체야
22,여름 장미,Yoonsy Veronica Kil,몰랐었죠단 한 순간 사랑에 빠지리란 사실정신을 잃을 것만 같아그대와 함께 있으면알았어요언제인가 당신과 나이 순간을 함께 우리 둘이 함께보내게 되리란 확신을그대 내게 주었어요사랑이란 사랑이란 건갑작스럽게 눈치챌 수 없게문득 알아채면여기 눈앞에 그대가 있어고갤 돌릴 수 없죠조금만 빨리 나 만났더라면당신과 당신을 이렇게 꿈꿔요꿈에서라도 그댈 마주 바라볼 때마다바라볼 때면그대 눈길 스쳐 설레어 와가슴이 떨려 오는 걸어쩔 수 없는 걸요사랑을들어줘요 말해봐요사랑해요 사랑해요영원토록 우리 두 사람둘이 이렇게 나 부디 이 노래가계속되기를 계속 이어지길여기 핀 저 장미꽃들과 함께들어줘요 노래해요사랑해요 사랑해요지켜줄게요 저 먼 미래에서 만나도이 아름다운 감정 변치 않기를분명 그댄 아마 내 모든 삶에가장 아름다운 사람
23,우연이 아닌것만 같아서,김나영,Close your eyes and feel my dreamClose your eyes and touch my soul길었던 하루가 가고다시 찾은 이 밤어김없이 널 헤아리는 나너의 기억 너의 숨결은 어느새하나둘씩 마음을 채운 생각에혼란스러운 것 같아나도 모르는 사이커져 버린 거야 넌 그렇게All about you all about you my love말하지 않아도 느끼고 싶어 져조금은 더 네게 다가가고 싶어 지는그런 마음이야그러고 싶을 뿐이야창밖으로 흘러내리는 빗소리밤새도록 우릴 채우는 이야기너무 눈부신 것 같아왠지 우리 만남은우연이 아닌 것만 같아서All about you all about you my love말하지 않아도 느끼고 싶어 져조금은 더 네게 다가 설수 있다면그런 마음이야그러고 싶을 뿐이야언젠가는 멀어져도이 순간은 그런 생각 않고 싶어 져요또다시 깨어날 꿈도네가 곁에 있다면나 두렵지 않아 슬퍼하지 않아You are my all
24,꽃이 예뻐봤자 뭐해,신용재 (2F),니가 지나간 계절다시 또 그 계절이 왔어겁이 나서 아무 말도 못했던바보같이 굴었던 날 용서해줄래긴겨울이 끝날 때 아픔도끝날거라 생각했던내가 바보 같아꽃이 예뻐봤자 뭐해니가 옆에 없잖아날이 좋아봤자 뭐해널 좋아할 수가 없잖아내가 아파봤자 뭐해니가 알수가 없잖아곁에 없는 너는 뭐해나는 네 생각 하는데너를 볼 수 있을까다시 또 이 거리에 서서한번이라도 널 마주칠까봐기대하는 내가 싫어스쳐가는 사람들그 속에 널 찾아 헤메고 있는내가 바보같아꽃이 예뻐봤자 뭐해니가 옆에 없잖아날이 좋아봤자 뭐해널 좋아할 수가 없잖아내가 아파봤자 뭐해니가 알수가 없잖아곁에 없는 너는 뭐해나는 네 생각 하는데돌아온다는 건 다시 만난다는 건영화에서나 나오는 일이잖아꽃이 예뻐봤자 뭐해니가 옆에 없잖아날이 좋아봤자 뭐해널 좋아할 수가 없잖아내가 아파봤자 뭐해니가 알수가 없잖아곁에 없는 너는 뭐해나는 네 생각 하는데
25,그네,서기,한 숨을 쉬는너의 하루를내가 전부 알 순 없지만오늘은 천천히 낮게 움직이며너를 안아줄거야긴 하루에 지쳐있을 때무거웠던 짐을 내려놓고맘 편히 내게 기대내가 너의 넓은 그늘이 돼줄게혼자만의 고민이 있을 때도누구에게 마음을 전할 때도언제나 네가 편히 쉴 수 있게내 자릴 비워둘게살랑이는 바람결을 따라시원한 밤공기를 맡아봐답답한 마음이 하늘 위로다 날아갈때까지늘 작은 다리로달려왔던 넌 어느새어른이 됐고너를 기다리는 날더 이상 찾지 않고 지나가는 너지만혼자 맘 껏 울고 싶을 때친구와 오래 얘기 할 때도내가 필요 할 때면언제나 널 기다리는 내게 오면 돼혼자만의 고민이 있을 때도누구에게 마음을 전할 때도언제나 네가 편히 쉴 수 있게내 자릴 비워둘게살랑이는 바람결을 따라시원한 밤공기를 맡아봐답답한 마음이 하늘 위로다 날아갈 때 까지앞으로 올 힘든 순간들이너를 주저앉게 만들어도포기하지 말고 천천히 일어나 다시나아가면 돼쉴 틈 없이 살아온 너에게작게나마 위로가 됐으면 해답답한 마음이하늘위로 다 날아갈 때 까지
26,너와 마주친 순간,HYUNKI,너와 마주친 순간마치 정해져 있던 것처럼사랑에 빠져버렸어이런 게 운명일까처음 느껴본 이 떨림도낯설지만은 않아눈을 감아봐도 너의 웃는 모습에빠져 잠들지 못하고하루종일 네 생각에허우적대는나를 잠깐 돌아봐 줄래너의 하루는 요즘 어때나와 같은 이 설레임에떨림을 느끼고 있는지전부 다 궁금해졌어모든 순간들을우리 둘만의 이야기로함께 만들어가지 않을래이런 게 사랑일까처음 느껴본이 설렘이 너라서 다행인걸바라만 봐도새어 나오는 미소를어떻게 감출 수 있을까지금 너에게 달려가눈을 맞추고너와 사랑을 말하고 싶어너의 하루는 요즘 어때나와 같은 이 설레임에떨림을 느끼고 있는지전부 다 궁금해졌어모든 순간들을우리 둘만의 이야기로함께 만들어가지 않을래설레는 맘을 더는 숨길 수가 없어지금처럼 있어 주면 돼언제부터인지내 맘은 너를 그리고 있어너의 하루는 요즘 어때나와 같은 이 설레임에떨림을 느끼고 있는지전부 다 궁금해졌어모든 순간들을우리 둘만의 이야기로함께 만들어가지 않을래모든 순간들을우리 둘만의 이야기로함께 만들어가지 않을래
27,"난 널, 넌 날",RB4 (알비포),참 이상하지요즘엔 니가좋아하던 게 더 생각나밀크티가 좋다고비 오는 게 좋다고하늘을 보면 웃던 너를난 널난 널사랑하는데널 원하는데넌 날넌 날사랑하지 않아바라보지 않아왜 그런 걸까내 이름 부르면촌스럽게 얼굴 빨개져너무 아름다워서꽃처럼 향기로워너만 보면 웃음이 나와난 널난 널사랑하는데널 원하는데넌 날넌 날사랑하지 않아바라보지 않아난 널난 널사랑하는데널 원하는데제발제발날 사랑해줘나를 안아줘
28,내가 바라는 엔딩이 아니었어도,추윤정,안녕 잘 지내라는 물음표가매일 내 머릿속에 맴돌아너는 어떻게 지내고 있는지사실 아직도 이렇게 궁금해쉽게 꺼낼 수 없는 그 말들을자꾸 너에게 전하고 싶어부디 그때의 기억 속에내가 너무 나쁜 기억이지 않기를우리의 결말이 내가 바라는엔딩이 아니었어도지금의 네 맘이 편해졌다면그걸로 난 괜찮다고힘들었던 네가 더 아프지 않았으면잠 못 이룬 그 밤 오래 외롭지 않았으면다시 볼 수 없는 너를 그리며너의 안부를 기도로 대신해그래 잘 지내라는 마침표가그만 내 마음속에 박혀서나만 여전히 이런 게 좀 그래이제 네 생각 추억을 삼켜내우리의 결말이 내가 바라는엔딩이 아니었어도지금의 네 맘이 편해졌다면그걸로 난 괜찮다고힘들었던 네가 더 아프지 않았으면잠 못 이룬 그 밤 오래 외롭지 않았으면다시 볼 수 없는 너를 그리며너의 안부를 기도로 대신해내 걱정은 마 나는 많이 나아졌어일도 다시 시작하고 밥도 잘 먹어시간이라는 약이 뒤늦게 들어 난 괜찮아우리 아프지 말자 서로 잘 잊고 살자그래 안녕 잘 지내
29,너의 삶,Dee,하고픈게 많았지투정 없이 온전히 자라줘내 걱정은 마라널 품에 둔 후내가 내가 아니었어도후회치 않았다지금처럼만 꽃잎 하나에도청량하게 웃음짓는그 모습 그대로돌아보지마 그저 앞만 보아너의 뒤는 내가 있으니너만 생각해나는 괜찮다하고픈게 많았죠묵묵히 말없이 뒤에서제 걱정은 말아요나 그대 품에서세상을 보고 겪은 걸후회치 않아요나 하나만 보며 나 하나 때문에내가 세상에 나와 잃은 걸 찾아요제 생각은 마요 하고픈 걸 찾아저는 여기 자릴 지킬테니돌아보지마요 그저 앞만 보아이제 그만 걱정말아요잃은 걸 찾아요그래도 돼요얼마나 힘들고 얼마나 지치고얼마나 외로웠을까
30,피어나,한세일,타버린 밤 끝에 켜진불빛을 헤매어보다수많은 이름 가운데 꽃이 피었네그때 봄처럼 눈처럼 피던우리가 어쩌다 우리가그래 별처럼 낮에는잠겨있다가 밤이면 피어나피어난다 그날의 꽃처럼흩날린다 그때의 연처럼아직 내 안에 남겨진 너를버리지 못한 날 안아줘접어둔 맘 끝내접지 못한 맘 헤매이다가버리지 못한 시든꽃잎을 다시 엮어서그때 목소리 따뜻한말투까지도 아직 선명한데그래 지금도 눈 내린 밤거리 위에혼자 남아있어피어난다 그날의 꽃처럼흩날린다 그때의 연처럼아직 내 안에 남겨진 너를버리지 못한 날 안아줘어디에 있을까 지난 길의 그 꽃은어디쯤 멈췄나 끝내 가지 못한 채부는 바람에 수없이 외친 말너의 이름이 한없이 피어나흩날린다 그날의 꽃잎이흩어진다 그때의 연잎이그때의 그날의 그곳에내가 갈 수 없는 그대에게그대에게
31,이 비가 그치지 않았으면 해,희현,창 밖에 비가 내리면내 맘에 니가 떠올라내 맘에 니가 내리면날 보던 니가 떠올라비가 내리면 잊었던 추억이 내리고우산을 걷으면 간절히 니가 생각나종일 내리던 이 비가 내 맘을 적시고비가 그치면 어두움 밤이 찾아와보고 싶어 보고 싶어후회와 그리움으로비 오길 기다리며 그리워 하겠지보고 싶어 보고 싶어이 비가 그치고 나면모든게 끝일까봐 내가 너무 두려워비가 내리면 우리에 기억이 내리고비가 내리던 그 날에 니가 생각나종일 내리던 이 비가 내 맘을 적시고비가 그치면 어두운 날이 찾아와보고 싶어 보고 싶어후회와 그리움으로비 오길 기다리며 그리워 하겠지보고 싶어 보고 싶어이 비가 그치고 나면모든게 끝일까봐 내가 너무 두려워끝이라는 걸 알지만끝이라고 말 하지만두 눈을 감으면 또 니가 생각나이 비가 그치지 않았으면 해보고 싶어 보고 싶어후회와 그리움으로비 오길 기다리며 그리워 하겠지보고 싶어 보고 싶어이 비가 그치고 나면이젠 다 끝일까봐 내가 너무 두려워내가 너무 두려워
32,그대의 기억,하수(Hasu),나 그대 생각하는데 즐거운 추억 되새기며 그대 곁에있던 그날을 기억하려 하며 나는 그대를 생각하네 나 그대 기억하는데 이제는 가물가물한데 잊혀진 그대 생각 하면서 추억을 되살리네 사랑이 저만치 갔는데 나는 아직 다가가지 못하고 사랑이 멀리 떠났는데 이제는 잊혀지네 사랑은 사랑은 지워지지 않는걸 알았네 떠나간 그댈 기억하려 옛 사진을 바라보네 옛 사진을 바라보네
33,전역하는 날,이대진,관물대에 남아있는지나간 시간을 설레게하는당신의 정든 편진 보이지 않고관물대에 남아있는지나갈 시간을 그립게하는우리의 사진을 난 정리한다3월의 혹한기 훈련 보급 나온 핫팩도길어지는 대기와 잠못이루는 겨울이제는 안녕 가끔은 돌아볼 기억다시는 안녕 절대 안돌아갈 추억5월의 포탄 사격과 쏟아지는 비에도질척거리는 땅과 바람부는 연병장이제는 안녕 가끔은 돌아볼 기억다시는 안녕 절대 안돌아갈 추억일말상초하고 힘들어 쓰러진이대진 일병7월의 유격 훈련과 누군간 죽을 더위돌아가는 길에도 걸어가야만 했던풀군장 행군 발에는 물집이 나고까매진 피부 돌아오기는 하려나관물대에 남아있는마지막 전투복을 입은 나의그날의 아침점호는 꽤 상쾌해나의 20대가 함께했던정이 든 대대를 떠나갑니다하지만 돌아오고 싶진 않아
34,아무렇지 않은 척,최승연,잘 지내냐는 그 말에멍하니 시간이 멈추고너의 괜찮냐는 그 말에나는 아무렇지 않은 척별 의미 없는 말일지 몰라도괜히 괜찮은 척 애써 내 맘을 숨겨뻔히 들킬 거짓말일지 몰라도괜히 괜찮은 척 애써 내 맘을 숨겨아무렇지 않은 척 잘 사는 척아직도 잊지 못해괜한 기대를 하게 돼끝까지 멋진 남자인 척맘에 없는 얘길 해너에게 하고 싶던 말사실은 너무 보고 싶어별 의미 없는 말일지 몰라도괜히 괜찮은 척 애써 내 맘을 숨겨뻔히 들킬 거짓말일지 몰라도괜히 괜찮은 척 애써 내 맘을 숨겨아무렇지 않은 척 잘 사는 척아직도 잊지 못해괜한 기대를 하게 돼끝까지 멋진 남자인 척맘에 없는 얘길 해너에게 하고 싶던 말사실은 너무 보고 싶어니가 떠난 날부터 쌓여가는 그리움아직도 너를 생각해나 너를 추억하며 살아아무렇지 않은 척 잘 사는 척아직도 잊지 못해괜한 기대를 하게 돼끝까지 멋진 남자인 척맘에 없는 얘길 해너에게 하고 싶던 말사실은 너무 보고 싶어너에게 하고 싶던 말사실은 너무 보고 싶어
35,달이 되어,김태윤 (KIM TAE YUN),별이 되고 싶었죠 찬란하게 아름다운은하수 강물 속에서밤을 빛내고 싶었죠거길 가진 못햇죠별이 되기엔 어두웠죠별이 아니더라도 난 밤을 빛낼게요달이 되어 별처럼빛나는 빛을 낼게요별에 가려질지라도 또 나타날게요달이 되어 항상밤의 배경위에 그림이 될게요깊은 밤하늘 속에서화려한 빛이 될게요별은 떠나가겠죠 그대 곁을 언젠가는그들의 길을 따라서끝없이 나아가겠죠나는 빨리 안가요그대 옆에 있을게요항상 그대의 곁에서 밤을 빛낼 게요달이 되어 별처럼빛나는 빛을 낼게요별보다 느릴 지라도 항상 곁에 있죠달이 되어 항상그대곁의 밝은 전등이 될게요깊은 밤하늘 속에서화려한 더 화려한 달이 될게요
36,달빛그리스,안예나,잠도 오지 않는 이 밤에자꾸만 그리워져 가네어렴풋이 기억나는걸너무도 아름다운 그곳그리스 하늘 아래서둘만의 얘기 나눠요오늘밤에 푸른 달빛아래여기에 남겨둔 추억을밤하늘 달빛 보며 그릴 수 있게나를 잊지 않게 담아요눈이 부시게 반짝이는바다 위 햇살 같던 입맞춤나의 귓가에 속삭이던그대 목소리 선명해 지네그리스 하늘 아래서둘만의 얘기 나눠요오늘밤에 푸른 달빛아래여기에 남겨둔 추억을밤하늘 달빛 보며 그릴 수 있게나를 잊지 않게담아요 담아요 담아요
37,Can`t Smile Without You [Cover Ver.],KoN,You know I can't smile without youI can't smile without youI can't laugh and I can't singI'm finding it hard to do anythingYou see I feel sad when you're sadI feel glad when you're gladIf you only knewwhat I'm going throughI just can't smile without youYou came along just like a songAnd brighten my dayWho would have believedthat you were part of a dreamNow it all seems light years awayAnd now you knowI can't smile without youI can't smile without youI can't laugh and I can't singI'm finding it hard to do anythingYou see I feel sad when you're sadI feel glad when you're gladIf you only knewwhat I'm going throughI just can't smileNow some people sayHappiness takesso very long to findWell I'm finding it hardLeaving your love behind meAnd you seeI can't smile without youI can't smile without youI can't laugh and I can't singI'm finding it hard to do anythingYou see I feel gladwhen you're gladI feel sad when you're sadIf you only knewwhat I'm going throughI just can't smile without youCan't smile without youI can't smile without youIf you only knewwhat I'm going throughI just can't smile without you
38,우리의 길,b2 beauties,설레였던 맘 붙잡고 걸으려 해함께였던 추억을 그려우리 모두가 서툴렀었고너무도 어렸었지우리가 함께한 시간들소중한 노래들이제는 기억 저편으로 가지만기억 속 저 멀리 그 Memory다시 시작할 노래끝나도 끝이 아닌 우리의 길조금은 흐릿해도 맑아질또 다른 시작 위에 서있 다 는 걸잊지는 말았으면 해숱하게 견뎌온 낮과 밤너와 나 함께라조금도 두렵지 않았던 매 순간함께한 시간들 가득 안고이제 나아갈 거야끝나도 끝이 아닌 우리의 길조금은 흐릿해도 맑아질또 다른 시작 위에 서있 다 는 걸잊지는 말았으면 해조금 더 가까워질 우리의 꿈한 걸음 한 걸음이 소중해함께한 추억들이 그리울 때면이 노랠 기억해주길
39,날아가다 (feat. 오정훈),Melodic Rain,깊은밤이시간이 너를삼키려 하려해도 네마음은 아직도 해가뜬 저바다같이 빛나고 설레이고 두눈이부신 희망 이있어 오오 언제부터였을까 뭐가 잘못된지모르지 갑자기 두려워 왔던길 뒤돌 아보아도 남은건 네발자국 그부질없는 미련만있네 오오 하지만 나약하고 비겁하게 눈물흘리는 여유조차 허락할 시간이 없어 비참히 부서진대도 싸우고 부딛혀 언젠가는 아침핼 마음에 머금고 눈을뜰거야 이젠 날아가야해 보이지가 않는길 너를믿고 날아가 너는 해낼수있어 모든게 첨부터 계획된 비밀이니까 항상넌 지쳐했지 보이지않는 네미래가 따뜻한 한마디 그리워 혼잣말을해 더견뎌라 더버텨라 더독한말로 너를 다듬네 앞은 너무 어둡고 촛불조차 하나없지만 지금널 비쳐준 별빛들 달빛이 있잖아 한걸음 또 한걸음 또 걷다보면 해가 뜰거야 오오 하지만 나약하고 비겁하게 눈물흘리는 여유조차 허락할 시간이 없어 비참히 부서진대도 싸우고 부딛혀 언젠가는 아침핼 마음에 머금고 눈을뜰거야 이젠 날아가야해 보이지가 않는길 너를믿고 날아가 너는 해낼수있어 모든게 첨부터 계획된 비밀이니까 이젠 날아가야해보이지가 않는길 너를믿고 날아가너는 해낼수있어모든게 첨부터 계획된 비밀이니까
40,"가깝고도 먼 우리(Feat. 최규완, 최유제)",이도현,멍하니 폰을 들여보다다시 내려놓았어먼저 연락을 해야하나고민만 하게 되네지금 뭐하냐고오늘 바쁘냐고어떤 말이 좋을까1이 사라지면어떤 대답이 올까나는 늘 떨고 있어너와 나 우린 대체 어떤 사일까나에 대해 어떻게 생각하는걸까친구일까연인일까아니면 썸타는걸까네 생각 난 알 수가 없어이 순간 내가 네 손 잡아도 될까우리 조금은 아직 이른 사이일까조금만 더용길내서네 손 잡았더라면네 생각 알 수 있었을까나른한 주말 아침옷을 챙겨 입고네 연락 기다렸어진동이 울리면설레는 마음으로 핸드폰을 켰어너와 나 우린 대체 어떤 사일까나에 대해 어떻게 생각하는걸까친구일까연인일까아니면 썸타는걸까네 생각 난 알 수가 없어이 순간 내가 네 손 잡아도 될까우리 조금은 아직 이른 사이일까조금만 더용길내서네 손 잡았더라면네 생각 알 수 있었을까나 사실은 두려워 내 마음 들키는게너도 나를 좋아하는 걸까난 네 마음이 궁금해너와 나 우린 대체 어떤 사일까나에 대해 어떻게 생각하는걸까친구일까연인일까아니면 썸타는걸까네 생각 난 알 수가 없어이 순간 내가 네 손 잡아도 될까우리 조금은 아직 이른 사이일까조금만 더용길내서네 손 잡았더라면네 생각 알 수 있었을까
41,Where Are We Now,마마무 (Mamamoo),아름다웠던 눈이 부시던아프도록 설레며 울고 웃었던고마웠었던 놓지 말자던때론 다투고 잠 못 이룬 수많은 밤한없이 행복해 웃음 지었던Where Are We Now널 만나 몇 번의 계절을 지나그 어딘가 헤매고 있는 게 아닐까Where Are We NowWhere Are We NowWhere Are We Now기나긴 여행 중 어느 날Talking aboutWhere we goin’어디론가날 데려가 줄래아님 저 바람 부는 대로그냥 흘러가게 둬얼마나 온 걸까 여긴 어디쯤일까On and OnWe’re on the road숨 가쁘게 달려왔던같이했던 모든 건멋진 드라마 같은 걸Know know know we know좋았던 기억끝은 어딘지 끝이 있긴 한지숨 쉬듯 그렇게 당연했었던Where Are We Now널 만나 몇 번의 계절을 건너그 어딘가 헤매고 있는 게 아닐까Where Are We NowWhere Are We NowWhere Are We Now기나긴 여행 중 어느 날너와 난 왜아프고 또 아파할까그 얼마나더 서로를 잃은 채 헤매일까Where Are We NowWhere Are We NowWhere Are We Now봄처럼 짧았던 모든 날아름다운 이 별이곳에 너와 같은 꿈을 꾸던 우리 둘Where Are We Now
42,나를 울려,차가을,눈을 감아 생각해 보면너를 보냈던 시간에 계속 맴돌고 있어다신 돌이킬 수 없는 추억이지만멀리서 나를 부르던네 목소리 아직 귓가에 남아 있어서왠지 날 부르는 것 같아어느새 뒤 돌아 보고 있어 나는자꾸만 멍하다 눈물이 고이면거칠은 입술을 깨물어 꾹 참아 봐도아무 것도 못해하루종일 널 미워해네가 없는 나는 하루가 느려서널 원망 하다가 그러다 또 보고 싶어그래 나는 그래 이 허전함이 나를 울려이미 너의 마음속에내가 없어진게 오래 됐다는 걸 알아도하나도 버릴 수 없어서빛바랜 사랑을 붙잡았어자꾸만 멍하다 눈물이 고이면거칠은 입술을 깨물어 꾹 참아 봐도아무 것도 못해하루종일 널 미워해네가 없는 나는 하루가 느려서널 원망 하다가 그러다 또 보고 싶어그래 나는 그래 이 허전함이 나를다시 널 마주쳐도아무 말 못한대도어느 날 한번쯤은 우연히 보고싶어우리 둘이서 했던 사랑나 혼자서만 아픈 이별 지나가줘잘 지내고 있니 이런 날 알면서괜찮은 척인지 어떻게 잘 지내보여눈치도 없는지 아무것도 모르는지네가 없는 나는 하루가 느려서널 원망 하다가 그러다 또 보고 싶어그래 나는 그래 이 허전함이 나를
43,워커홀릭,윤종신,주위에서요즘 나를 보며 걱정을 해쉬지 않고 일만 하는나의 요즘 하루하루정말 시간이 빨리 가돈도 제법 벌리는 듯해그렇게 하기 싫었던 일들이내게 가장 큰위로와 힘이 돼집에 갈 때네 생각이 날 때가 문제야멍하니 차창 밖퍼져가는 불빛들다행히도 지친 몸은 날 어느새잠들게 해 줘눈을 뜨면 기계적으로 나가맡은 일을 척척 해내 버린다놀라워잠시도 생각할틈을 주면 안 되니까그 틈에 무한한네가 있기에너도 잘 알잖아내가 얼마나게을러터진심지어 우리 이별도나의 안일함 때문이야사람은 절대바뀌지 않는다 말해도나처럼 구제 불능도변할 수 있어아무튼 네가정말 고마워우리 이별의 선물너를 잃은 대신에괜찮은 사람이 되었어잠을 자다 가끔 새벽에깰 때가 있어유일하게 나의 무방비한그리움 축제다행히도 지친 몸은날 어느새잠들게 해 줘눈을 뜨면기계적으로 나가맡은 일을 척척 해내 버린다놀라워잠시도 생각할틈을 주면 안 되니까그 틈에 무한한네가 있기에너도 잘 알잖아내가 얼마나게을러터진심지어 우리 이별도나의 안일함 때문이야사람은 절대바뀌지 않는다 말해도나처럼 구제 불능도변할 수 있어아무튼 네가 정말 고마워우리 이별의 선물너를 잃은 대신에괜찮은 사람이 되었어이제 일을 해야 해그리워할 시간이 없어
44,너를 위한 노래 (WITH CHILDDIAHN),YOUR PLAYLIST,오늘 같이 찬 바람이 내 얼굴에 닿을 때네가 자꾸 생각나는게 맘에 걸리죠나 혼자만 품고 있던 너지만 아직도변한게 없는 내가 너무 미워지죠보고싶다 말해도 말뿐인 걸 알지만기대 속에 그 안에서 널 기다리죠오늘은 말할게매일 기다렸다고몰래 숨겨온 맘을너에게 보여줄 때의 나를더는 담아둘 수 없어 너를보고 있을 땐이게 나의 마지막고백이 아니기를 바래요 내일도하지 못한 말이 많은데 널놓을 순 없죠수많은 잔향 중 하난 너였고눈을 감을 땐그 남겨진 전분 별이 되고서 맴돌죠변한게 없는 내가 너무 미워지죠보고 싶다 말해도 말뿐인 걸 알지만기대 속에 그 안에서 널 기다리죠오늘은 말할게매일 기다렸다고몰래 숨겨온 맘을너에게 보여줄 때의 나를더는 담아둘 수 없어 너를보고 있을 땐이게 나의 마지막고백이 아니기를 바래요 내일도오늘은 말할게매일 기다렸다고몰래 숨겨온 맘을너에게 보여줄 때의 나를더는 담아둘 수 없어 너를보고 있을 땐이게 나의 마지막고백이 아니기를 바래요 내일도
45,그날의 밤,서우진,끝난 거라 생각했어스쳐가는 그날의 밤그때처럼 하얀 얼굴에 흐르는눈물의 의미좋았던 우리의 시간에빛났던 우리의 추억 모두지워내려고내게 마지막 그 말을 남긴다그리움에 사무친 밤미처 알지 못한 이야기그런 나를 보면서 환하게감추려 했던 비밀좋았던 우리의 시간에빛바랜 우리의 추억에멈춰있을 수는 없어그때 나는 지금 없어기억과 같이 떠오르는 그날너도 아는 듯한 눈빛이 스쳤지만다시 지난 날을 눈물로 지운다좋았던 우리의 시간도빛바랜 우리의 추억도 모두지워내려고 해모두 그때의 우린 없어다시 돌릴 수 없다는 걸이제 난 더 알고 있는 걸잡히지 않는 널 잡으려 했어결국 남은 건 없어
46,우리에게,구본수,내게 부는 바람혹 그대인지그대가 맞다면난 여기 머물래이제야 그대 있네요 멀리돌아도 결국 왔네요 우리이제야 서로 봤네요수고했네요 날 알아본다고이제야 앞에 있네요 그대돌아도 결국 왔네요 우리이제야 손잡았네요고생했네요 내 앞에 온다고결국 이렇게 좋은 날그대 앞에서말할 수 있어서참 다행이네요웃을 수 있어서참 고마워요우리일 수 있어서오늘 이렇게 좋은 날그대와 내가마주 서 있어서참 다행이네요결국 그대 라서참 고마워요우리일 수 있어서그대 어느 날빛을 잃고 어둔 곳 헤매도그땐 내가 더 깊은어둠 되어그댈 찾아낼 게결국 이렇게 좋은 날그대를 안고말할 수 있어서참 다행이네요기댈 수 있어서참 고마워요우리일 수 있어서오늘 이렇게 좋은 날그대와 내가바라볼 수 있어서참 다행이네요결국 그대 라서참 고마워요우리일 수 있어서
47,깎아,소피 (Soppy),나의 보고 싶다는 말과너의 나도라는 그 말이너무 멀어서 너무 심해서우우우나의 마음은 동그라미너의 맘은 세모나도 각진 척 그런 척 거짓말을 해우우우나보다 훨씬 더 마음이 작은너에게 맞춰 나를 깎아내깎고 또 깎고 깎아또 깎고 또 깎고 깎아피가 나 난 너무 아파깎고 또 깎고 깎아또 깎고 또 깎고 깎아피가 나 난 너무 아파나보다 훨씬 더 마음이 작은너에게 맞춰 나를 깎아내깎고 또 깎고 깎아또 깎고 또 깎고 깎아피가 나 난 너무 아파깎고 또 깎고 깎아또 깎고 또 깎고 깎아피가 나 난 너무 아파피가 나 피가 나 피가 나 피가 나하지만 내 마음이 훨씬 커서깎아내 날 깎아내 날깎고 또 깎고 깎아또 깎고 또 깎고 깎아피가 나 난 너무 아파깎고 또 깎고 깎아또 깎고 또 깎고 깎아피가 나 난 너무 아파깎고 또 깎고 깎아또 깎고 또 깎고 깎아피가 나 우우우
